{
  "timestamp": "2025-09-04T17:59:32.243644",
  "total_requests": 100,
  "p50_ms": 148.55822856098115,
  "p95_ms": 185.60672025236332,
  "p99_ms": 188.78441661913467,
  "mean_ms": 147.41495137330847,
  "min_ms": 106.67426853239638,
  "max_ms": 190.25742397131035,
  "requests_per_second": 6.783572430639244
}